provider_id,provider_name,npi,dea,specialty_concept_id,care_site_id,year_of_birth,gender_concept_id,provider_source_value,specialty_source_value,specialty_source_concept_id,gender_source_value,gender_source_concept_id
1307035212,Ted955 Reilly981,,,,732927465,,8507,9e67a62e-f938-30e0-8b38-501d459f8816,GENERAL PRACTICE,,M,
428831384,Tiffaney302 Brakus656,,,,2082738427,,8532,4ec0f01d-f7a4-3cb2-a0ee-c3e6b3ab5429,GENERAL PRACTICE,,F,
2087633251,Aleen595 Lueilwitz711,,,,17327185,,8532,55f46488-d581-36ec-9903-10f2aac770e2,GENERAL PRACTICE,,F,
1392445877,Jaunita130 Armstrong51,,,,723348256,,8532,9700317f-f8ff-3a76-86f8-746b8e3f6b3d,GENERAL PRACTICE,,F,
1799581191,Jules135 Emard19,,,,879750465,,8507,cf8b6fae-1840-3df2-aaa7-4ed460dfb957,GENERAL PRACTICE,,M,
374714959,Amalia471 Delao225,,,,2104362584,,8532,6feabf5d-3e39-3f5d-a6ec-e15a329688b3,GENERAL PRACTICE,,F,
2048641412,Jarvis643 Ankunding277,,,,1054286254,,8507,1d18966d-7800-315f-b2c7-72cd4ae51a85,GENERAL PRACTICE,,M,
852129415,Fernande593 Mosciski958,,,,1263731270,,8532,a696d817-c0e0-3bda-9128-2437f7b00c19,GENERAL PRACTICE,,F,
33249401,Cameron381 Daniel959,,,,1531058475,,8532,2f30d7ea-2fe9-38fd-8d17-2b7e2ad22a1f,GENERAL PRACTICE,,F,
541198930,Chasity985 Daniel959,,,,1443072579,,8532,ee0b229a-f5dc-382b-857b-a91d57383525,GENERAL PRACTICE,,F,
513364904,Avis183 Ankunding277,,,,1209448102,,8532,e2d31549-3b55-39a0-9c52-991f22e5ea9c,GENERAL PRACTICE,,F,
110182464,Isaiah615 Waters156,,,,1188704256,,8507,fe823278-9b7f-3a09-a8ca-d4f3932bbca7,GENERAL PRACTICE,,M,
225868756,Marchelle563 Hettinger594,,,,459612816,,8532,264ba327-cccf-3822-a7b5-e1ea6a87dc3b,GENERAL PRACTICE,,F,
2015334752,Joe656 Jakubowski832,,,,1173618735,,8507,d8325444-5722-385e-b329-fe875b4bde5d,GENERAL PRACTICE,,M,
489245145,Ronny764 Bernhard322,,,,791869324,,8507,6625a6e0-51d3-3642-8159-ef54c7e9406e,GENERAL PRACTICE,,M,
1800674220,Francisco472 Téllez750,,,,326224619,,8507,36753a61-ad06-398a-84fd-dcafb998a370,GENERAL PRACTICE,,M,
935601474,Cherish740 Toy286,,,,168337375,,8532,337c0742-a19a-3f2f-bbec-124879ebdfac,GENERAL PRACTICE,,F,
88675395,Jasper743 Champlin946,,,,1334527692,,8507,d0bf3ae8-6094-3816-bb5e-d49c1cd03232,GENERAL PRACTICE,,M,
676310762,Leopoldo762 Moore224,,,,1890557848,,8507,5b78472f-06d7-3f5b-8e41-aa6951cdb984,GENERAL PRACTICE,,M,
1603145254,Clifton91 Terry864,,,,650368011,,8507,916662d9-ae81-384c-aaea-01b1de32af50,GENERAL PRACTICE,,M,
124184867,Ouida808 Bednar518,,,,2038675257,,8532,149d38b2-48da-3bb5-a341-2d5ca70aed68,GENERAL PRACTICE,,F,
828297388,Norah104 Friesen796,,,,562594049,,8532,74001a90-ec49-33d5-9f7a-01f4f2f7b070,GENERAL PRACTICE,,F,
1817275935,Chase54 Muller251,,,,738848536,,8507,c825852b-b205-351a-b503-c50b64fc462a,GENERAL PRACTICE,,M,
790173431,Horace32 Bradtke547,,,,1133599586,,8507,a0915e98-4ca1-3118-9056-d347d7d59642,GENERAL PRACTICE,,M,
2141456004,Manuela585 Borrego496,,,,1178265261,,8532,a0bc179d-4348-341e-adda-68ad224d90ad,GENERAL PRACTICE,,F,
1150441191,Lorena247 Ocampo729,,,,273588428,,8532,07e52b25-fff4-3f6e-886f-e384bb0ee0af,GENERAL PRACTICE,,F,
1722567157,Rudy520 Mosciski958,,,,1428059526,,8507,d6052550-abba-361e-9b3a-74c4ca522d5b,GENERAL PRACTICE,,M,
1702291767,Víctor493 Limón43,,,,339465329,,8507,b596d7c8-2959-3697-8fe8-3077828f324b,GENERAL PRACTICE,,M,
862737909,Ulysses632 Ziemann98,,,,1744047513,,8507,e283b31c-498e-3d3e-b021-3752583083ef,GENERAL PRACTICE,,M,
332515078,Lasonya941 Kiehn525,,,,2023787412,,8532,ff5bc121-e02f-3771-be2c-a6f1abfac6d5,GENERAL PRACTICE,,F,
527304947,Marcus77 Schamberger479,,,,740033158,,8507,48eb3db8-7117-313b-8f29-e68ab0086e62,GENERAL PRACTICE,,M,
1646662388,Broderick767 Reynolds644,,,,1746305415,,8507,d34ac502-ea30-38db-84c4-fcb0dc6d5bef,GENERAL PRACTICE,,M,
209719169,Sonia106 Ortiz186,,,,2096813114,,8532,d5d34b78-a16a-3f73-aa8d-a72de4084c5f,GENERAL PRACTICE,,F,
24233689,Adrienne302 Jast432,,,,2032554936,,8532,4d5e5ade-7e4a-35a8-9c9c-06e82476d416,GENERAL PRACTICE,,F,
635919938,Garret233 Thiel172,,,,1655422705,,8507,9ff9887c-0828-3565-a93f-288661dfa089,GENERAL PRACTICE,,M,
930073557,Trinidad33 King743,,,,624690267,,8507,592bc747-bccf-3e03-a508-0e3ce86ffc35,GENERAL PRACTICE,,M,
1394902140,Krystal150 Pollich983,,,,118447987,,8532,1b2677ef-9790-3710-b243-41536718ef52,GENERAL PRACTICE,,F,
1140370916,Ariel183 Von197,,,,1478370958,,8507,c217944c-2093-3fdc-a16b-7d77bbce6b36,GENERAL PRACTICE,,M,
1074012357,Clotilde434 Howe413,,,,2137789922,,8532,97b7238d-2a44-39bd-84ff-d13564e09a1c,GENERAL PRACTICE,,F,
945096821,Carrol931 Wilderman619,,,,189872888,,8532,ccf54519-fc71-3bd2-941d-ae77b47a16d9,GENERAL PRACTICE,,F,
1121269375,Savanna736 Johnson679,,,,1614598951,,8532,95edc4a5-a454-3958-b36b-8757e94640c3,GENERAL PRACTICE,,F,
1966444978,Rachele486 Nikolaus26,,,,1927356726,,8532,ffbbb033-5e8c-3856-81b0-78a2c7a1eead,GENERAL PRACTICE,,F,
283713629,Alane21 Frami345,,,,1478287252,,8532,37a07a0f-454b-3a38-a40b-bcde9bb63550,GENERAL PRACTICE,,F,
374757883,Barbara209 Amaya149,,,,404324285,,8532,a677ae82-a4c9-32be-820c-5c4578cfabdb,GENERAL PRACTICE,,F,
1133655956,Yvette315 Herzog843,,,,1221141408,,8532,1f649b5b-5da3-3cf2-9057-44acb35014a8,GENERAL PRACTICE,,F,
1110459874,Gertha313 Sanford861,,,,753766078,,8532,20d2956d-7b5a-34b8-96cf-9b9461b2a513,GENERAL PRACTICE,,F,
329375621,Verda448 Bahringer146,,,,1775969277,,8532,c3633ca5-60a0-33fa-85ad-17648000a83c,GENERAL PRACTICE,,F,
1499858576,Harland508 Ryan260,,,,672903222,,8507,95a6b815-5ee2-3311-b6ac-c3acc800e309,GENERAL PRACTICE,,M,
1114621397,Pablo44 Paucek755,,,,892316928,,8507,5b9fb771-99dc-3521-98d9-bf0f17d76a83,GENERAL PRACTICE,,M,
1097869994,Hong136 Schneider199,,,,1162490092,,8532,265198e8-d6c3-35fc-b869-e842147c4152,GENERAL PRACTICE,,F,
776281495,Taylor21 Haley279,,,,103871261,,8507,591a84f0-78ae-3b17-9274-c52c85873aeb,GENERAL PRACTICE,,M,
1874650,Ariane992 Pagac496,,,,2132590364,,8532,4646fdd1-3a7d-3f4e-b2b9-5be3edcb7a42,GENERAL PRACTICE,,F,
1370245588,Maxine796 Homenick806,,,,1999435826,,8532,1f5c3f0b-b4c7-3902-9326-528b9fdc1633,GENERAL PRACTICE,,F,
482471341,Felix524 Rogahn59,,,,294651823,,8507,38140f0c-5ba0-35fa-b899-4f0cde1955f7,GENERAL PRACTICE,,M,
1874313679,Alonso270 Hand679,,,,1511031880,,8507,05257ced-fa43-3cc8-8c67-ae2d7bf045d4,GENERAL PRACTICE,,M,
636636656,Emmaline88 Witting912,,,,715953219,,8532,8ff21343-227d-3738-8800-4bfe302bd46f,GENERAL PRACTICE,,F,
958247288,Morgan564 Marvin195,,,,2025234246,,8507,75f0b37e-c7c4-3207-bdf5-83a5cecda53c,GENERAL PRACTICE,,M,
121493167,Trinity427 Hartmann983,,,,1850532478,,8532,a0f1b56a-89f7-3dd1-b511-83675753846f,GENERAL PRACTICE,,F,
1309130175,Lisha487 Ferry570,,,,2136834379,,8532,724a840f-d9f6-357e-98b1-05785d724e8a,GENERAL PRACTICE,,F,
1025396460,Tashina114 Towne435,,,,1647466118,,8532,9a187948-2a6c-3182-84ed-23b829085e1f,GENERAL PRACTICE,,F,
1135413652,Ethyl508 Rau926,,,,1867799299,,8532,89138e7a-7237-346d-96ed-46e76f03dcba,GENERAL PRACTICE,,F,
1924033422,Raphael767 Thompson596,,,,1482169850,,8507,04fe1b72-3aed-33fd-9e76-d4bc25857d73,GENERAL PRACTICE,,M,
922476625,Margarite168 Koepp521,,,,13733708,,8532,288128a7-bf3a-3cd7-9a8b-b57a553b9a8a,GENERAL PRACTICE,,F,
1691171843,Sondra191 Zieme486,,,,1836295657,,8532,f5071a37-0f7f-38cb-a26c-1130f3b24561,GENERAL PRACTICE,,F,
142963776,Jesse626 Medhurst46,,,,1228272456,,8532,32ad39ca-bae8-3c23-9692-1470f7a4dfe1,GENERAL PRACTICE,,F,
1380621171,Kimberly627 Trantow673,,,,2094692240,,8532,8accf2f5-753a-3e25-8b4b-78e769800200,GENERAL PRACTICE,,F,
127985407,Solomon675 Gusikowski974,,,,926286489,,8507,39d3ed61-2033-3f78-8b1f-a73a0eeed6ae,GENERAL PRACTICE,,M,
588746083,Karl184 Hansen121,,,,119007258,,8532,3b21b79d-8561-3f07-988b-501b11e66818,GENERAL PRACTICE,,F,
8381881,Tandy422 Sporer811,,,,1837576900,,8532,8c7900cf-b3ec-3601-8fb1-cdbc74762152,GENERAL PRACTICE,,F,
708433714,Glinda951 Smitham825,,,,1465320435,,8532,b453b688-c84d-3d38-a26a-3acd72910cd5,GENERAL PRACTICE,,F,
1706195136,Iva908 O'Keefe54,,,,1497765388,,8532,20c6ea89-3623-3317-919c-9112eb12cba0,GENERAL PRACTICE,,F,
453838537,Lezlie553 Koss676,,,,10576535,,8532,435efd5c-f08d-3a90-bbcc-80abe59655b3,GENERAL PRACTICE,,F,
1314130566,Gerry91 Block661,,,,1093914537,,8532,a63b7ce4-7838-3b69-9af4-f69a27d81d4f,GENERAL PRACTICE,,F,
905745121,Elmo857 Hodkiewicz467,,,,1081416114,,8507,1ac40c93-4a5e-3da5-b6d4-7b8fdc0366ee,GENERAL PRACTICE,,M,
1623458066,Cindie288 Zulauf375,,,,1029666910,,8532,da0637e5-e1ff-3b42-927c-1e03c374b661,GENERAL PRACTICE,,F,
518896442,Ahmed109 Feil794,,,,562452072,,8507,e625f1b7-f4f6-3ea4-8d62-1d413bc8b257,GENERAL PRACTICE,,M,
1392091096,Carri827 Flatley871,,,,2073519104,,8532,8d5cd62d-5a17-3285-8467-1ad52258662b,GENERAL PRACTICE,,F,
937778724,Willian804 Batz141,,,,405038947,,8507,bf1aa0be-a274-341c-b755-8a68e9b93047,GENERAL PRACTICE,,M,
844670759,José Luis472 Negrón227,,,,1603815718,,8507,5d712989-abd9-30d7-a510-341d32977ba4,GENERAL PRACTICE,,M,
1768536667,Juan88 O'Keefe54,,,,2064539156,,8507,f3fad0e0-7cdf-3adb-8df1-cd378f0677d1,GENERAL PRACTICE,,M,
1420581147,Debra128 Predovic534,,,,1647422686,,8532,622d3841-a803-3800-b0a7-2e172c8c297e,GENERAL PRACTICE,,F,
1140444463,Johna806 Klein929,,,,1773404366,,8532,62b1d620-a1d1-3281-930f-d54ce1e2ca3e,GENERAL PRACTICE,,F,
687359636,Denis399 Kohler843,,,,1438075504,,8507,700f87ae-5e0f-381e-b661-850c133b4065,GENERAL PRACTICE,,M,
871350062,Nicholle822 Fisher429,,,,226211003,,8532,259c8a34-65ab-3cde-83f4-7b769360fb6e,GENERAL PRACTICE,,F,
129233499,Margery365 Rippin620,,,,1825121704,,8532,6851b69f-eafc-3249-a926-9e1a86a7a02d,GENERAL PRACTICE,,F,
1421351737,Erwin847 Baumbach677,,,,749186124,,8507,1d454fa0-8ed1-3e63-b55b-73978ef1324e,GENERAL PRACTICE,,M,
27404409,Lizette501 Lebsack687,,,,1376294859,,8532,b29d9d76-6635-3baa-af71-1395234f4d67,GENERAL PRACTICE,,F,
2096020826,Classie132 Willms744,,,,1652009483,,8532,ad59711f-2df6-31c1-8b98-88c735160ad6,GENERAL PRACTICE,,F,
1235725467,Waylon572 Lakin515,,,,1721855627,,8507,9aed46a0-db69-3cac-8506-cbceb6af0b28,GENERAL PRACTICE,,M,
1964596649,Gil594 Ondricka197,,,,604249598,,8507,7447d4c2-a606-3f00-a0e2-dfdff5b2b196,GENERAL PRACTICE,,M,
1990116898,Joanna347 Abbott774,,,,2068528399,,8532,6924f34e-d8c4-3319-ab77-f5905c33f2a8,GENERAL PRACTICE,,F,
1099925418,Cletus494 Paucek755,,,,767001503,,8507,8f94219c-f841-34b5-a8fc-4aca1d5b3bb2,GENERAL PRACTICE,,M,
578436279,Eleni953 Franecki195,,,,2136519775,,8532,78edc8f4-4793-34ce-b9cf-a6b9878220cb,GENERAL PRACTICE,,F,
1269528815,Audra143 Beatty507,,,,2020644917,,8532,c54cff63-b146-39a5-a274-ab1bf287f3d8,GENERAL PRACTICE,,F,
1785331728,Dolores502 Cabrera242,,,,363226807,,8532,b0af4b50-1f52-39a9-909c-e86ff73400b2,GENERAL PRACTICE,,F,
2049403584,Justin359 Gutmann970,,,,1140839591,,8507,1d293ece-1229-3320-8966-76310fd258a1,GENERAL PRACTICE,,M,
1770712377,Dierdre747 Leuschke194,,,,582947879,,8532,b8f4b032-eca5-30c3-820e-5d0c83747c8c,GENERAL PRACTICE,,F,
1736471811,Xuan162 Feest103,,,,861942502,,8532,ab8c9846-8ab7-3f16-9f48-877ea57a02a3,GENERAL PRACTICE,,F,
897113933,Darwin703 O'Hara248,,,,1975439564,,8507,6bb55ee1-317d-395e-bb5d-26e153bc766f,GENERAL PRACTICE,,M,
643610661,Olen518 Farrell962,,,,1873041606,,8507,ff6cc89a-40df-38f7-90a6-9fb39ef4c52b,GENERAL PRACTICE,,M,
59003849,Abdul218 White193,,,,624583188,,8507,a476b59d-075e-34a3-918a-531a79b5a77e,GENERAL PRACTICE,,M,
1259104390,Desmond566 Schaefer657,,,,253758615,,8507,bbde36af-bd0f-380c-b808-1c2dda6d37f7,GENERAL PRACTICE,,M,
1752147550,Codi873 Bogisich202,,,,757233567,,8532,32b99a72-c001-3835-a730-1ee281bd49fb,GENERAL PRACTICE,,F,
1939450613,Kathlene786 Satterfield305,,,,1744609237,,8532,6342f892-1778-32ec-8d87-a44843762a5a,GENERAL PRACTICE,,F,
630191131,Mathew182 Howe413,,,,1124004338,,8507,705da4ec-0ea3-346a-b6a1-e4e56514f239,GENERAL PRACTICE,,M,
295856111,Zackary401 Mohr916,,,,853457920,,8507,f9408092-be50-344e-953b-f2fc09964d2a,GENERAL PRACTICE,,M,
235102485,Cleveland582 Kuphal363,,,,887821055,,8507,660186e1-5be8-3de6-935b-8f1fff4fcbf5,GENERAL PRACTICE,,M,
1861284317,Tora746 Kertzmann286,,,,1709292491,,8532,8f7c46e9-00bb-3d20-967b-a906dfa16294,GENERAL PRACTICE,,F,
1552364824,Dale454 Wilderman619,,,,151658591,,8507,15492368-4200-32c1-b1a3-209e3b82d290,GENERAL PRACTICE,,M,
651175780,Jacques50 Roberts511,,,,1009718817,,8507,a17cb762-b4ce-3dba-8ffb-dd48f0e8c669,GENERAL PRACTICE,,M,
154297661,Latrice352 Ferry570,,,,660816530,,8532,2d82afbd-e1df-3173-a1c3-a977b0049836,GENERAL PRACTICE,,F,
1788099912,Shakita329 Moen819,,,,1105262332,,8532,9f7fb695-c6ee-36e6-83cf-1f573623e624,GENERAL PRACTICE,,F,
192031697,Elma843 McCullough561,,,,1836308044,,8532,dfe77159-f141-3b01-a316-6b3f61e44f72,GENERAL PRACTICE,,F,
1555296935,Dorris197 Rolfson709,,,,19502836,,8532,d9071a96-d2fb-3f9b-b1b2-0027a89155fb,GENERAL PRACTICE,,F,
951735120,Chanelle850 Schuster709,,,,988526928,,8532,b83b706d-6044-3649-9795-857cd4ff2760,GENERAL PRACTICE,,F,
1006143012,Jackelyn13 Pacocha935,,,,2039530888,,8532,7690a450-922b-39ef-bfb9-f07c109a6562,GENERAL PRACTICE,,F,
418790242,Ellen406 Farrell962,,,,1882373416,,8532,3bcf4bc3-ab5a-35e6-896c-b00d07fa52bb,GENERAL PRACTICE,,F,
1021136770,Venus149 Blick895,,,,708132401,,8532,41983f53-8ea2-3f1a-835b-c46bd60d6bd4,GENERAL PRACTICE,,F,
617235810,Afton574 Kulas532,,,,2031236874,,8532,e36ed967-b420-3c12-abb4-284a06221755,GENERAL PRACTICE,,F,
27237658,Gail741 Romaguera67,,,,1973545054,,8507,3755cb25-7d59-3154-bfda-50a174e84a35,GENERAL PRACTICE,,M,
1486938042,Lala778 Breitenberg711,,,,1232045959,,8532,a3c033c4-9cd8-304d-bfd4-1417ecb23fc5,GENERAL PRACTICE,,F,
1233769126,Erick204 Mayer370,,,,1385126465,,8507,84c66205-0297-3826-99e1-64a0dea0a299,GENERAL PRACTICE,,M,
2053623176,Jerónimo599 Vargas494,,,,1905158739,,8507,8737753a-8cae-33f5-bebb-90ef597821f8,GENERAL PRACTICE,,M,
830758019,Tomeka87 Rutherford999,,,,922405544,,8532,a7e0ba85-b778-32dc-99a6-4a368dbc3383,GENERAL PRACTICE,,F,
1681470086,Victoria535 Roob72,,,,1004735124,,8532,d10ba103-83e9-3197-ba0e-5cc56107a1d7,GENERAL PRACTICE,,F,
2087385704,Sung603 Schuster709,,,,165958028,,8507,d18d4aae-f9f4-312f-a420-3f2cfe39c856,GENERAL PRACTICE,,M,
694826856,Jeniffer557 Wolf938,,,,558853430,,8532,8c8350cb-34ff-3fac-809f-0ecf16f0a94b,GENERAL PRACTICE,,F,
451069452,Graciela518 Lehner980,,,,1985312526,,8532,299520bd-de6d-3982-9b71-a55cbff59909,GENERAL PRACTICE,,F,
1273207083,Evelin941 Ratke343,,,,286216480,,8532,682ce554-188f-3bc4-b308-c223676b20c0,GENERAL PRACTICE,,F,
1598347591,Junior695 Pacocha935,,,,690484900,,8507,e2bbf8a4-684f-3fa2-b4e9-a0671877509c,GENERAL PRACTICE,,M,
479241628,Octavio643 Prosacco716,,,,206138662,,8507,92f24ceb-f91a-3070-aa0d-2ec58346b409,GENERAL PRACTICE,,M,
1254661087,Alfreda3 Walsh511,,,,596750171,,8532,ea3d30dc-61cf-3e6a-94bc-f6686b956c7d,GENERAL PRACTICE,,F,
1444848356,David908 Carreón894,,,,1969629963,,8507,8b50e498-1de2-3778-b652-439d00faf3f9,GENERAL PRACTICE,,M,
742176897,Aurore252 Herzog843,,,,792217546,,8532,8cc8115f-a2bc-386f-acc0-2b06f86d4d3b,GENERAL PRACTICE,,F,
1778914354,Rochell365 Stehr398,,,,1877196451,,8532,70d6a4ff-d6b6-3d02-b562-27b239597a8b,GENERAL PRACTICE,,F,
46150093,Beverlee316 Haag279,,,,1737267104,,8532,3dc74f13-9799-333f-b58b-4509b3d716e0,GENERAL PRACTICE,,F,
792907374,Yasmin241 Emard19,,,,1432608968,,8532,4914bdf2-df99-3f4a-874c-ca431b6f6042,GENERAL PRACTICE,,F,
1927161921,Teisha100 Leffler128,,,,2004159618,,8532,da49f0d0-4905-3f57-91c6-f5ec39442cc7,GENERAL PRACTICE,,F,
1234926482,Theo630 Mante251,,,,1497476321,,8507,f66edeb7-65dd-34bc-9706-f9eb3f8ba9f2,GENERAL PRACTICE,,M,
2032405568,Salvador46 Homenick806,,,,1666105582,,8507,37d43459-d338-382f-9117-b81bd7e83758,GENERAL PRACTICE,,M,
905516433,Augustine565 Brekke496,,,,192315919,,8507,5da473a1-f031-348e-bfb9-2f33eafed7bf,GENERAL PRACTICE,,M,
1655421415,Chu728 Weber641,,,,1254725791,,8532,a5ed62b6-2e64-3a3c-b354-4e46b13bd7e1,GENERAL PRACTICE,,F,
1223333114,Zonia753 Schroeder447,,,,1502220687,,8532,ac6a3dd3-425c-3474-a014-c4d27e6b5a71,GENERAL PRACTICE,,F,
377994847,Gregory545 Toy286,,,,1368962837,,8507,41fb7ff2-1225-3d48-9815-1139afb86dc2,GENERAL PRACTICE,,M,
514382879,Mao115 Bednar518,,,,1259237348,,8532,933f11a2-2c5f-354b-82fa-03fe3ff93d2c,GENERAL PRACTICE,,F,
1946047748,Noelle559 Padberg411,,,,597339370,,8532,df2412e7-8319-39ed-acba-15224d4fc3d6,GENERAL PRACTICE,,F,
1303422274,Benedict104 Barrows492,,,,2035947154,,8507,2e8d7d6c-3762-302a-9f25-854d2c6cfe80,GENERAL PRACTICE,,M,
218042551,Will178 Bernhard322,,,,2002272928,,8507,66963668-0161-3c9b-a101-b46c4ee9477c,GENERAL PRACTICE,,M,
246727017,Carl856 King743,,,,1493020935,,8532,c83138b5-2e77-3f73-92ba-965841e413d4,GENERAL PRACTICE,,F,
334840489,Regena252 Huel628,,,,1569639553,,8532,8de43fe2-0956-399d-a085-628832c9386f,GENERAL PRACTICE,,F,
1567715472,Ricky354 Renner328,,,,629476907,,8507,57ee38e4-c7c5-3f89-b5da-5b1583e962b3,GENERAL PRACTICE,,M,
80261518,Cecily421 Predovic534,,,,2106780627,,8532,c9c37ba8-cdb7-33db-9d7a-e886e36bd75d,GENERAL PRACTICE,,F,
1099253002,Hellen346 Roberts511,,,,434274634,,8532,079f8eba-3fdb-3da1-b2c7-757156173911,GENERAL PRACTICE,,F,
381810095,Micheal721 Larkin917,,,,745286757,,8532,fea809db-5903-3849-9989-055b0e8d867d,GENERAL PRACTICE,,F,
1901498405,Blanca837 Magaña874,,,,2044843008,,8532,09dabcf2-ef5f-3bbb-b12f-d65de796e48d,GENERAL PRACTICE,,F,
308602336,Shirly501 Kuphal363,,,,55731313,,8532,f83ac05d-38b1-3ca0-94aa-d84e4999bbb5,GENERAL PRACTICE,,F,
1966378043,Carson894 Krajcik437,,,,1381388719,,8507,2e376c9e-e43d-3155-a4dc-fa8365b3565e,GENERAL PRACTICE,,M,
938722133,Bettina657 Marquardt819,,,,2079564652,,8532,28c07d5d-36d3-3c27-95ff-ba489e38fb4f,GENERAL PRACTICE,,F,
1631658852,Beth967 McKenzie376,,,,620327793,,8532,b9aed6e4-29d9-3c2f-a47f-293f307b9bd7,GENERAL PRACTICE,,F,
938794197,Matha641 Gerhold939,,,,679789523,,8532,c9c87ed3-c22f-364a-b63b-c6227c496baa,GENERAL PRACTICE,,F,
945354637,Diego848 O'Kon634,,,,1054932573,,8507,e15dc540-a3c9-35e9-864b-586b0b616839,GENERAL PRACTICE,,M,
1649471806,Clara183 Reynolds644,,,,1538157482,,8532,e6160fb5-1278-32fc-81c0-3de469c8362e,GENERAL PRACTICE,,F,
1818616215,Shanita956 Wolff180,,,,1038257418,,8532,4786c395-b88d-3f34-a621-b8527cc73c1e,GENERAL PRACTICE,,F,
412861516,Ricky354 Little434,,,,904024772,,8507,b1eb7e69-7708-3e61-9ed1-6bb9405f95fe,GENERAL PRACTICE,,M,
2134981935,Tamera164 Shields502,,,,980662194,,8532,f526e0de-6d57-3fd5-9746-4d63dcd83dd6,GENERAL PRACTICE,,F,
1206893249,Genevie117 Kassulke119,,,,1747610018,,8532,08063086-d352-3b1d-93fa-918fc79d844f,GENERAL PRACTICE,,F,
1043003310,Jannet618 Buckridge80,,,,1238869988,,8532,2c4cc552-e5e5-3667-b385-638363f5dfed,GENERAL PRACTICE,,F,
733528030,Josue598 Flatley871,,,,1258282451,,8507,ae46da5d-4d53-304c-bec8-a78b1415a340,GENERAL PRACTICE,,M,
105924289,Cira533 Hane680,,,,1278050794,,8532,fd48a17f-748b-333f-aa16-59905c55335d,GENERAL PRACTICE,,F,
1118896438,Octavio643 Gusikowski974,,,,1409375164,,8507,bccc0ec2-d491-3ff8-a068-e8afa8a4b7cd,GENERAL PRACTICE,,M,
1486994073,Gordon377 Wuckert783,,,,688823801,,8507,112b2297-5030-3508-8ad5-675e77ed32ff,GENERAL PRACTICE,,M,
346327671,Freeman822 Sawayn19,,,,1062658016,,8507,6d99c96e-5029-3316-b232-e6fd003feeb7,GENERAL PRACTICE,,M,
420644614,Daria61 Weber641,,,,1401086587,,8532,8520914f-0847-3245-8816-458d1b63f29d,GENERAL PRACTICE,,F,
1937400112,Serena400 Littel644,,,,1963920840,,8532,9c9355eb-59fc-3e07-b5dd-f2415bce1090,GENERAL PRACTICE,,F,
511481401,Emmanuel930 Kshlerin58,,,,1411621676,,8507,1f58f326-071d-31d6-9e8b-8b083884e754,GENERAL PRACTICE,,M,
542034727,Raymond398 Nicolas769,,,,304171234,,8507,9b1b90cb-0b29-39e2-9841-198e4e35a4dc,GENERAL PRACTICE,,M,
1577431000,Roland928 Hirthe744,,,,1923574359,,8507,3dc603f5-c92e-3b80-b11b-902e8999f1bc,GENERAL PRACTICE,,M,
1174194201,Rudolf736 Vandervort697,,,,1299249375,,8507,33d3bc9e-7f61-3d50-986e-13283d9c1e27,GENERAL PRACTICE,,M,
742301360,Katia630 Parisian75,,,,483689504,,8532,32457ccf-f74c-3846-bebb-d97d0f72ab45,GENERAL PRACTICE,,F,
324809736,Jared66 Satterfield305,,,,162311491,,8507,575f50ce-9f4b-3c7d-bf36-5f4ec35c3cd6,GENERAL PRACTICE,,M,
588713441,Renaldo199 Huels583,,,,1292300636,,8507,9824f80a-617e-366e-86c0-fcf41697c779,GENERAL PRACTICE,,M,
2039135198,Tobias236 Kris249,,,,262950650,,8507,96f48d5e-b6ff-3a1a-824a-7b3cf026e79c,GENERAL PRACTICE,,M,
617875566,Crystle668 McCullough561,,,,1434038638,,8532,41d8b22d-304a-3327-a252-948e6295f051,GENERAL PRACTICE,,F,
657229604,Modesta635 Mills423,,,,983072525,,8532,2b8279d1-33d5-3307-bf0e-600c1e765b35,GENERAL PRACTICE,,F,
1588348565,Chelsea317 Christiansen251,,,,1761467317,,8532,6ca91cc2-e9e4-3e9f-a8a6-11246b80cb96,GENERAL PRACTICE,,F,
171105867,James276 Schmitt836,,,,2106471517,,8507,88e7a6df-aff4-31f9-9d6d-8fd65d557e98,GENERAL PRACTICE,,M,
1339415298,Edith654 Beier427,,,,1465373724,,8532,32bab468-447b-3efe-9cde-9d98a93a7d7a,GENERAL PRACTICE,,F,
1040124992,Paul232 Bartell116,,,,916189198,,8507,aaa4ce90-6e3f-3f57-a1b6-c5e1807befe4,GENERAL PRACTICE,,M,
1392870667,Mertie42 Lakin515,,,,1465383570,,8532,5adc3800-73e9-3969-aef9-465ded4832c9,GENERAL PRACTICE,,F,
1028891859,Reggie481 Schiller186,,,,14101784,,8507,991838d1-2299-3950-a3b0-87a288bd3242,GENERAL PRACTICE,,M,
1065713919,Lucia634 Cortés936,,,,1026504421,,8532,ea29c6d6-d014-349e-aa91-c72a3e14cee8,GENERAL PRACTICE,,F,
809900928,Kenia28 Eichmann909,,,,680762663,,8532,c99646c3-b6a9-355f-bf5e-2d850eb668c7,GENERAL PRACTICE,,F,
995034951,Zachary28 Gleichner915,,,,1395766888,,8507,99fc8d54-4b77-323a-b970-aa25371ef89a,GENERAL PRACTICE,,M,
1087083797,Stella203 Hammes673,,,,568792369,,8532,d592ce46-ae3e-32bf-8c1b-fe59f7bbb9f1,GENERAL PRACTICE,,F,
1927830713,Corie618 Cormier289,,,,1776788881,,8532,0ef6ec55-069e-3c5e-b634-b78a33c6aad6,GENERAL PRACTICE,,F,
117426085,Estella474 Reynolds644,,,,308605388,,8532,d6798b83-ebe5-3e34-84f1-66a9d22eba5a,GENERAL PRACTICE,,F,
803405901,Billy698 Schoen8,,,,483581272,,8507,763b1722-2af4-3f9e-bbc2-33a8adbb51b8,GENERAL PRACTICE,,M,
1787656289,Cristi782 Miller503,,,,578364483,,8532,7c118475-7517-3e45-8f6c-cc950e058722,GENERAL PRACTICE,,F,
743183296,Velda682 Gutmann970,,,,985961193,,8532,88573313-8945-3b8e-adfa-c088eed1191b,GENERAL PRACTICE,,F,
1577605883,Clay913 Mertz280,,,,619405949,,8507,f2534921-867e-32a9-ae3c-a9fff1f4539f,GENERAL PRACTICE,,M,
680041296,Stephane228 O'Conner199,,,,1011029923,,8532,a4e78de7-d909-3f50-bdb0-5563cc989fad,GENERAL PRACTICE,,F,
1079486613,Wilbur107 Rau926,,,,560571951,,8507,f7769269-2f15-3166-97ec-2efd3236ed91,GENERAL PRACTICE,,M,
892076251,Roger751 Quitzon246,,,,741639280,,8507,ecaf5e23-b3af-3828-8b37-af7ec9804df2,GENERAL PRACTICE,,M,
1428283925,Darnell564 Leannon79,,,,2099787242,,8507,59adda4b-99e9-3dcb-9ea7-92121a19ecbe,GENERAL PRACTICE,,M,
409053089,Raul814 Considine820,,,,2137011842,,8507,206ce298-f8df-3578-ae9e-0195d0364d38,GENERAL PRACTICE,,M,
1940773442,Jamey282 Graham902,,,,2139001865,,8507,b42ced7d-de34-3e8d-8361-046d5e4471b2,GENERAL PRACTICE,,M,
327670867,Earnest658 Gutkowski940,,,,1547560209,,8507,c5cb4e90-9355-3e08-954f-3d4ed50b101a,GENERAL PRACTICE,,M,
342711925,Augustine565 Greenholt190,,,,836705107,,8507,13e83325-255a-3c44-a9ae-ea2162b640aa,GENERAL PRACTICE,,M,
129006257,Rory188 Kuhlman484,,,,1538829751,,8532,d4bb89be-192f-3ab2-94c6-06ed7b6fda30,GENERAL PRACTICE,,F,
2036303388,Elayne206 Denesik803,,,,378173430,,8532,a52806e7-0f10-35e0-8440-23a7f4e6cbf0,GENERAL PRACTICE,,F,
1324011156,Tyler508 Ferry570,,,,939292554,,8507,499aad51-0ec3-3845-8a26-7a205561f750,GENERAL PRACTICE,,M,
792866002,Althea11 Ankunding277,,,,1640750348,,8532,707ce526-9fc5-3890-82b2-95c016709e79,GENERAL PRACTICE,,F,
162227449,Dina200 Streich926,,,,1852920910,,8532,81427c4a-1e4c-395d-a0fb-a66eff71dd76,GENERAL PRACTICE,,F,
1108308673,Lan153 Kemmer137,,,,867465500,,8532,62c015f5-3d27-3223-b66d-1addfae16b80,GENERAL PRACTICE,,F,
572470226,Bea654 Daniel959,,,,1512537797,,8532,757fe0c7-c661-39e1-b93d-55ec727aa723,GENERAL PRACTICE,,F,
2100427407,Chris95 Kub800,,,,759560404,,8532,e7500c89-b22e-3b56-9b5f-1e2e5fe66ad1,GENERAL PRACTICE,,F,
920559130,Kylie930 Hilpert278,,,,534902810,,8532,a44241a1-ea66-3dfa-abee-5f0bef9f90e8,GENERAL PRACTICE,,F,
1004367402,Hyman89 Schmeler639,,,,1840476614,,8507,ccb83182-1647-352c-8a78-30fb9592ceef,GENERAL PRACTICE,,M,
2134028350,Kai187 Mann644,,,,1830452599,,8532,9157a3df-129a-34cf-b538-9ffdc5827f44,GENERAL PRACTICE,,F,
1858129164,Fernando603 Toro760,,,,1050286900,,8507,403b498f-02fc-3e53-8d12-c1f10e4684b2,GENERAL PRACTICE,,M,
633401001,Victor265 Conn188,,,,978198026,,8532,a8798b3a-8a8b-338a-8d50-d69ee7d2f006,GENERAL PRACTICE,,F,
1276671510,Lynwood354 Tromp100,,,,1687470458,,8507,7267c883-d461-3d65-9cdf-b2117b8e1e99,GENERAL PRACTICE,,M,
1677613663,Samella245 Runolfsdottir785,,,,2093465006,,8532,e837e591-e655-36e1-86a6-638b8aef35f7,GENERAL PRACTICE,,F,
1514102094,Ellis535 Ernser583,,,,1086599256,,8507,012b2c4f-b00e-3043-9de4-87a928835f36,GENERAL PRACTICE,,M,
1694607221,Todd315 Steuber698,,,,233117320,,8507,a52b8e29-388b-3ea2-936f-4f85f4e5838b,GENERAL PRACTICE,,M,
931269623,Araceli695 Willms744,,,,22750792,,8532,ea542bce-a4a7-39a7-935b-1df8c0e37ad3,GENERAL PRACTICE,,F,
840214409,Somer38 Wisozk929,,,,67885492,,8532,b52fb609-2de0-3f03-bdbe-7e568f81750b,GENERAL PRACTICE,,F,
667351533,Mable471 Kreiger457,,,,1716239436,,8532,fb709676-a8b6-3a7a-8bc9-07a1b35b9532,GENERAL PRACTICE,,F,
1644251933,Gordon377 Monahan736,,,,837373746,,8507,28cf585c-0e65-3821-8571-24003e1491cb,GENERAL PRACTICE,,M,
691112523,Valentine262 Leannon79,,,,226453946,,8507,5de3eafb-13e2-3b5c-9992-9602756ae495,GENERAL PRACTICE,,M,
1667311415,Rod343 Frami345,,,,2061111500,,8507,119caf4c-6393-355a-9a45-512fc6b9863d,GENERAL PRACTICE,,M,
1355818463,Maynard46 Buckridge80,,,,2112665401,,8507,d44b80db-e9f0-3292-a50a-adbbc5d64943,GENERAL PRACTICE,,M,
2092145325,Brendan864 Hintz995,,,,949063517,,8507,3d42e8d4-176b-33e5-b97d-1358f5d0fb0e,GENERAL PRACTICE,,M,
1168676956,Trevor374 Williamson769,,,,2026489913,,8507,c5baed3a-5cdb-37cf-a949-fa531c96e0e9,GENERAL PRACTICE,,M,
1189836531,Drew592 Simonis280,,,,1554017167,,8507,b8d3b277-b05a-371c-b532-78a2f5e90ec2,GENERAL PRACTICE,,M,
331586124,Nu535 Huel628,,,,1576430915,,8532,b818e2e7-163c-3fed-8542-6cef72a68235,GENERAL PRACTICE,,F,
1645880790,Dorotha379 Kassulke119,,,,1150673709,,8532,2bb1bbca-2d94-38c0-a322-89195596bba6,GENERAL PRACTICE,,F,
692432601,Theo630 Hammes673,,,,653215016,,8532,8a8b6b0b-665e-31c6-ad81-901a495136be,GENERAL PRACTICE,,F,
120030068,Magdalena964 Torphy630,,,,1628908754,,8532,dfeb14be-3e6a-36dc-920c-90f4ef0eabbc,GENERAL PRACTICE,,F,
895660453,Lynsey2 Lemke654,,,,2092847809,,8532,9336b3b4-4273-354c-b21e-de52cd1253c7,GENERAL PRACTICE,,F,
1910928923,Lauren941 Farrell962,,,,439643837,,8507,4fd21b3a-dc99-37af-a408-40915a95d60c,GENERAL PRACTICE,,M,
218857504,Celestina960 Reichert620,,,,763683133,,8532,2f40966f-9d81-3643-8be1-b55483c5bd7d,GENERAL PRACTICE,,F,
742184285,Rebeca548 Padrón382,,,,1768899851,,8532,9892ff63-f932-3a2f-84b1-f8fb71f5a7d6,GENERAL PRACTICE,,F,
1976493254,Willetta882 MacGyver246,,,,840843488,,8532,76d48b32-9aaa-3bb7-9d2d-8601ce150c63,GENERAL PRACTICE,,F,
1401528232,Thad495 Fahey393,,,,2030999190,,8507,f32e0234-2c09-36ee-a545-7b1bae0b3402,GENERAL PRACTICE,,M,
983054820,See995 Stoltenberg489,,,,10320032,,8532,599ffc7e-8d86-3e8b-a80c-0394ebf5dfdb,GENERAL PRACTICE,,F,
1882573606,Valeri645 Hayes766,,,,177406827,,8532,f68174c6-90ea-32bf-a5bc-e9f036b2cece,GENERAL PRACTICE,,F,
1317481504,Barry322 Feil794,,,,1227060103,,8507,4cfd0620-f422-37bf-a7f9-80b6b655dc62,GENERAL PRACTICE,,M,
137928674,Vida128 Kohler843,,,,1562668161,,8532,43af4438-b810-339c-96f2-26525bfbe3a0,GENERAL PRACTICE,,F,
1471369523,Elvia127 Miller503,,,,1531319584,,8532,6fa256db-dbff-3b6b-b9ac-b0bddd1c8948,GENERAL PRACTICE,,F,
610241398,Shawn523 Padberg411,,,,1078487579,,8532,367c8ae1-342c-3f8d-9326-624f5838ba56,GENERAL PRACTICE,,F,
2017693116,Jeana169 Cronin387,,,,1679202301,,8532,e9fbfbcb-fc65-3211-aa77-65d4a2a06639,GENERAL PRACTICE,,F,
569324114,Gerald181 Wunsch504,,,,1810187947,,8507,3004d68d-68ec-3bdf-a290-85bdba5780a2,GENERAL PRACTICE,,M,
1457869028,Ettie537 Baumbach677,,,,2078724409,,8532,efc1f01c-b868-30c0-842d-f43753fea2b9,GENERAL PRACTICE,,F,
981263171,Bettye671 Tromp100,,,,2116658609,,8532,a5e7430c-d673-32c4-8325-e9011a31a3e4,GENERAL PRACTICE,,F,
1020013624,Eddie505 Keeling57,,,,186878445,,8532,32636c71-7bb3-3deb-ac2a-2f4e73b01987,GENERAL PRACTICE,,F,
765149559,Emilee283 Halvorson124,,,,1226318544,,8532,9075f79a-a541-347a-aff0-68e8de19f13f,GENERAL PRACTICE,,F,
533762441,Elmo857 Wisoky380,,,,402418620,,8507,ae7533fa-a000-3104-979b-780bb2a9f68c,GENERAL PRACTICE,,M,
2124708201,Monroe732 Ankunding277,,,,1762653498,,8507,c58eabd0-6008-36f6-ac5e-0c8d0dc40a8d,GENERAL PRACTICE,,M,
245203797,Elicia233 Huels583,,,,1845830130,,8532,c3c9beb0-52c6-3b26-84b1-fba18579d5d2,GENERAL PRACTICE,,F,
1816517258,Bertram873 Goyette777,,,,2107318585,,8507,c04a6799-7f49-3f5a-b6a0-f7081eec2f45,GENERAL PRACTICE,,M,
517998489,Kendra609 Schneider199,,,,1020766183,,8532,10eff293-8e27-3e66-a0f8-3e8a40694cfd,GENERAL PRACTICE,,F,
1473073175,Rhonda22 Bins636,,,,1489385079,,8532,6e178476-50b3-3521-83f6-b562b500f064,GENERAL PRACTICE,,F,
1316539933,Riley817 Prohaska837,,,,25119139,,8507,c646e118-1882-3d18-9357-f4ca58a8be70,GENERAL PRACTICE,,M,
1714316923,Alfred550 Goldner995,,,,1099858322,,8507,d4e871af-e00c-3f14-bade-e39921e43941,GENERAL PRACTICE,,M,
2029972456,Donovan745 Daugherty69,,,,1076664401,,8507,817a97e0-fe5c-3651-86b3-638b287d68ff,GENERAL PRACTICE,,M,
1681561442,Phillip440 Kunze215,,,,454359498,,8507,f0cfcdfe-d2ff-36cf-9c32-75339536894d,GENERAL PRACTICE,,M,
1083845949,Natividad796 Davis923,,,,883478849,,8532,098743a3-0964-3b04-9196-4b1c8e8017c5,GENERAL PRACTICE,,F,
1417438604,Kaila152 Dibbert990,,,,742369019,,8532,516ab41f-f1f8-361a-9406-ea0cb2f8e8fb,GENERAL PRACTICE,,F,
9932668,Denis399 Boyer713,,,,431218697,,8507,d0348709-4865-36e8-8355-14904c683f48,GENERAL PRACTICE,,M,
1088945636,Francisco472 Mayorga262,,,,295411176,,8507,6261c749-e7b3-37d3-a50c-b69da49c6db0,GENERAL PRACTICE,,M,
195366117,Sydney660 Klein929,,,,1916962630,,8507,e946f9e8-79d1-322e-ac23-4211ad5036b1,GENERAL PRACTICE,,M,
671339759,Nan75 Collins926,,,,1417921675,,8532,ee43fd13-488b-32dc-965a-09e724b6e819,GENERAL PRACTICE,,F,
1482264691,Jamel269 Hudson301,,,,2111957859,,8507,32ef35dd-97ac-3f17-a284-02d570f5a26c,GENERAL PRACTICE,,M,
1048136576,Buford910 Dach178,,,,376901002,,8507,e1cb3001-ce04-3b3c-b486-790e4ea525bd,GENERAL PRACTICE,,M,
327149402,Fritz267 Kirlin939,,,,1449580688,,8507,da761cc2-f3dc-3953-b2a8-b6c953be5317,GENERAL PRACTICE,,M,
1520709059,Jeromy156 Okuneva707,,,,1025554994,,8507,d8e48c2d-ff7e-305c-ae53-6557555b0d9a,GENERAL PRACTICE,,M,
2121008970,Susanne275 Abernathy524,,,,699442937,,8532,0cfdcc72-f2e0-366a-b6c5-912d9d2a70ac,GENERAL PRACTICE,,F,
972406024,Chun678 Armstrong51,,,,1307060205,,8532,ea1f1b50-c590-395d-86a0-f8a44dc210cf,GENERAL PRACTICE,,F,
136717100,Sherwood961 Aufderhar910,,,,1791913643,,8507,a439ea14-2167-32cb-b577-19dd9c688ff5,GENERAL PRACTICE,,M,
776821740,Rueben647 Friesen796,,,,1936096950,,8507,90791351-f2ee-3bc6-821a-4e3bf7ca5d59,GENERAL PRACTICE,,M,
2004255141,Rodrigo242 Vanegas191,,,,1831936047,,8507,5d422644-603a-388c-ac9b-3608a8664c8b,GENERAL PRACTICE,,M,
1496232529,Kirstin394 Bashirian201,,,,1270627318,,8532,3b09950f-c8e4-3c43-ba3e-276f19ea5274,GENERAL PRACTICE,,F,
1198024787,Lynwood354 Ratke343,,,,523388854,,8507,b75e06d0-e5d5-3d9f-9195-6c7ee39b6564,GENERAL PRACTICE,,M,
1556584880,Eliseo499 Reinger292,,,,1188275075,,8507,176c86c8-de91-3e84-aed2-f9e75da11b0f,GENERAL PRACTICE,,M,
553070400,Noe500 Roob72,,,,1995346471,,8507,3c552b63-6942-353f-9c72-e98ef620ec34,GENERAL PRACTICE,,M,
1269842897,Carlton317 Koch169,,,,1010378229,,8507,89bb14a7-6f68-323d-a18c-8abaafd15d5c,GENERAL PRACTICE,,M,
1306119825,Pearlene638 Towne435,,,,186821087,,8532,401ddca3-ba13-3e48-b95a-1d44c0f8a065,GENERAL PRACTICE,,F,
2075579050,Shon148 Reinger292,,,,789964555,,8507,12a413f1-2619-38f0-a769-d79061b4e201,GENERAL PRACTICE,,M,
1174169142,Tena12 Davis923,,,,1864135375,,8532,09d0d044-701c-36ae-b136-e73bc88191ab,GENERAL PRACTICE,,F,
66751498,Marlin805 Breitenberg711,,,,1519175414,,8507,5bd10a78-55ff-3401-9bfe-61f2220b83ae,GENERAL PRACTICE,,M,
2016593593,Whitney250 Wiza601,,,,989968296,,8507,e1096c45-7e37-3ecc-aa76-5d0d7b6df50e,GENERAL PRACTICE,,M,
1982253282,Kirk871 Erdman779,,,,1140265123,,8507,a25cd62b-35a6-3806-bf53-85f3115a8f7a,GENERAL PRACTICE,,M,
1183999653,Derick144 Murray856,,,,438197371,,8507,d22f3121-44b7-3947-a36f-2203c5e4e580,GENERAL PRACTICE,,M,
238164116,Reggie481 Kassulke119,,,,1959536994,,8507,07b6dad7-d68a-36f1-8291-11666e320c20,GENERAL PRACTICE,,M,
2081874549,Ammie189 Kuvalis369,,,,1027915827,,8532,4c6e7d9b-ba1f-3cde-a152-523f690eb351,GENERAL PRACTICE,,F,
122578010,Melvin857 Nikolaus26,,,,521590687,,8507,260b3a14-a42b-30f1-9e89-78f2a39f117e,GENERAL PRACTICE,,M,
337283907,January966 Roberts511,,,,47593580,,8532,aaf0a378-084d-39a9-8377-c5250f7228fa,GENERAL PRACTICE,,F,
1588636142,Mignon230 Ullrich385,,,,229590317,,8532,64f005cb-d632-3cdf-a7eb-9770ea6b72e9,GENERAL PRACTICE,,F,
845323790,Hilario934 Schumm995,,,,384059804,,8507,1f953c42-a963-3d08-a517-f99d9cfdc6ec,GENERAL PRACTICE,,M,
266190669,Jean712 Jacobs452,,,,670762829,,8507,ee9785b1-809a-31bf-af32-e47177606a02,GENERAL PRACTICE,,M,
478743806,Kortney212 Wehner319,,,,1903642837,,8532,b11056da-4e95-38c2-90f2-3546b9428d98,GENERAL PRACTICE,,F,
535155556,Vivian245 Keebler762,,,,67300882,,8532,cc7bf00c-7333-3258-9f45-855922f4439c,GENERAL PRACTICE,,F,
837966671,Mellissa304 Kovacek682,,,,879430605,,8532,f7d6aa4b-0b6f-3916-b021-c9b2fc4be9eb,GENERAL PRACTICE,,F,
1200029876,Larraine124 Torphy630,,,,1773920672,,8532,2f7dbb62-ab99-33d7-bdf3-68d601c58e76,GENERAL PRACTICE,,F,
1187115111,Sandie760 Rodriguez71,,,,9002110,,8532,505de7e8-deff-3bbf-902b-7e2e35fe440c,GENERAL PRACTICE,,F,
45489750,Wynell591 Mayert710,,,,517839236,,8532,641da013-bac8-3920-8914-e71bf43eaa68,GENERAL PRACTICE,,F,
1570864753,Tyrone215 Huels583,,,,161225187,,8507,15c6d64b-51b7-39b3-b132-31191695db95,GENERAL PRACTICE,,M,
2142031522,Arden380 Bergstrom287,,,,725731301,,8507,281f5321-194f-3033-af56-db5d753943d7,GENERAL PRACTICE,,M,
524658575,Laura391 Zamudio115,,,,218351892,,8532,d7f4e3a1-0853-3260-82d1-868bc77d0c30,GENERAL PRACTICE,,F,
162001881,Peter292 Crona259,,,,1302616949,,8507,0712e6be-0139-38c4-bb20-440ffe9a7b89,GENERAL PRACTICE,,M,
1891476932,Evangeline16 Howe413,,,,998259667,,8532,30f1be89-3668-3b0d-bea3-bf6fbb2327cc,GENERAL PRACTICE,,F,
132848686,Derick144 King743,,,,31393538,,8507,9767fc4e-5e1e-3e94-aa24-3b0e4a3f4476,GENERAL PRACTICE,,M,
295345372,Francene766 Halvorson124,,,,383278507,,8532,46fa90c5-c35b-336d-b4de-b20a0dc27363,GENERAL PRACTICE,,F,
1430481798,Norbert530 Veum823,,,,1374740188,,8507,3b237c4a-72a6-3750-9f36-1a98e5546ff0,GENERAL PRACTICE,,M,
658362992,Kellee902 Buckridge80,,,,2029629987,,8532,76439234-3383-38c1-a6ed-d63d7042d589,GENERAL PRACTICE,,F,
1946909713,Latoyia537 Lindgren255,,,,2054800514,,8532,31e4f1d6-7355-3392-92f9-0e306d24ca0e,GENERAL PRACTICE,,F,
1364425887,Eduardo902 Irizarry542,,,,910727146,,8507,bdb18961-d8e7-3ec6-aadf-1f5d43b5e3c8,GENERAL PRACTICE,,M,
1934046789,Tamala194 Fahey393,,,,1843032539,,8532,be635577-d8b8-3f8b-a1d8-b89893e1efd7,GENERAL PRACTICE,,F,
1631578802,Waldo53 Hintz995,,,,1785137833,,8507,c5fed240-bef0-3856-b5f1-6335674e8f3f,GENERAL PRACTICE,,M,
95556131,Donya787 Emmerich580,,,,1178934015,,8532,2e1fcb70-5a2e-3493-a61c-5cf02511b908,GENERAL PRACTICE,,F,
2075089118,Lady554 Kovacek682,,,,776342218,,8532,f1026967-c510-3183-8b51-f9c009c2c310,GENERAL PRACTICE,,F,
823719288,Dallas143 Friesen796,,,,2126248249,,8507,4787b1fb-b180-367a-bf4b-052f218a4024,GENERAL PRACTICE,,M,
209502541,Preston275 Konopelski743,,,,661505989,,8507,73d45578-4fa2-331e-9aef-1f1a15b59637,GENERAL PRACTICE,,M,
1571677393,Archie818 O'Keefe54,,,,1153770005,,8507,4ab9fb38-011f-3faa-92f6-c51ffe210413,GENERAL PRACTICE,,M,
1330938770,Ernest565 Runte676,,,,655301867,,8507,d01109e4-b4e0-336c-b48b-d7b9f4b8512b,GENERAL PRACTICE,,M,
463281861,Adela471 Pedraza69,,,,1053423003,,8532,945f1d1a-9340-3f98-9a33-a32881e8be1b,GENERAL PRACTICE,,F,
683232949,Raymond398 Schuster709,,,,1008235526,,8507,5991748a-85eb-306a-8de7-26c1793f51f9,GENERAL PRACTICE,,M,
1851741967,Federico589 Kuhic920,,,,1854082665,,8507,88138b88-4897-3ed8-b9c8-9028d22710bc,GENERAL PRACTICE,,M,
1371292967,Patty600 Bashirian201,,,,1599575108,,8532,e1b8d6dc-8d01-304a-a1c2-b40947b736bd,GENERAL PRACTICE,,F,
2053580948,Norah104 Jenkins714,,,,575126254,,8532,b4a70c51-f98e-3ade-9a5f-6c7e43e69f93,GENERAL PRACTICE,,F,
1510388988,Jill895 Hagenes547,,,,641072076,,8532,78f8bb10-987f-332b-81a1-c7e0718fd756,GENERAL PRACTICE,,F,
361364600,Wilfredo622 Mraz590,,,,1130283780,,8507,147ed2e5-a3ec-3ccf-bab0-cb3f3588c805,GENERAL PRACTICE,,M,
673629894,Jean712 Koelpin146,,,,106486354,,8532,5c8b0eac-fc9b-3b26-b795-9e4beb5327ed,GENERAL PRACTICE,,F,
881437511,Jose871 Dicki44,,,,1876165723,,8507,a0b0f863-8e4e-3e61-b5b6-e468d07890ea,GENERAL PRACTICE,,M,
1772685375,Edmundo94 Eichmann909,,,,48564075,,8507,3a3b0a30-d768-39cb-904c-ecdead289a49,GENERAL PRACTICE,,M,
1156572763,Dylan44 Robel940,,,,2025788462,,8507,c0875f05-c99d-3d6c-b3bb-3570e8f44014,GENERAL PRACTICE,,M,
1514970018,Dennis979 Effertz744,,,,1012945501,,8532,8b4989d5-9b5d-32cd-a725-55211a169a3f,GENERAL PRACTICE,,F,
1246581650,Veronika907 Rogahn59,,,,52912388,,8532,069e43ed-2b75-3046-a45b-2ec70b570c34,GENERAL PRACTICE,,F,
214891718,Tracy345 Runolfsson901,,,,1635600742,,8507,13a2de30-697b-3446-bf0d-b601a9da04dc,GENERAL PRACTICE,,M,
724242089,Dusti191 Howe413,,,,574631562,,8532,d41c21de-7820-393d-8ce2-8d3e1f1f254c,GENERAL PRACTICE,,F,
1027946043,Mathew182 Cummings51,,,,443816900,,8507,c807e63d-d8e0-3985-93af-85e8199f8f1e,GENERAL PRACTICE,,M,
366203919,Shonta375 Bins636,,,,666021161,,8532,c3ca7ac2-85f3-37aa-87f3-b11a60e2dd09,GENERAL PRACTICE,,F,
1986305840,Bobbi508 Dicki44,,,,156786265,,8532,a139640b-0836-3987-9a3d-aca5049fb704,GENERAL PRACTICE,,F,
1592838149,Mayola305 Hauck852,,,,210349366,,8532,2584f0d8-948d-3d37-a584-d2986d2952cb,GENERAL PRACTICE,,F,
773703389,Noah480 Pagac496,,,,168593531,,8507,9d221d5d-b8db-3b39-976e-4eeeadb37810,GENERAL PRACTICE,,M,
281567958,Levi940 Abbott774,,,,2134249331,,8507,77829eb2-af4c-30b8-8b23-7d3be8a7c6db,GENERAL PRACTICE,,M,
1097825874,Mathilde204 Wintheiser220,,,,995072754,,8532,09c8d94b-997e-3b5e-9353-342385642500,GENERAL PRACTICE,,F,
1652889976,Deane47 Howe413,,,,1802174057,,8532,82d656a5-f1f5-3c26-bd39-d52c78375709,GENERAL PRACTICE,,F,
608369108,Erwin847 Stiedemann542,,,,260533680,,8507,c1c8ec39-a8bf-3b32-ad45-642ab7173c31,GENERAL PRACTICE,,M,
617099213,Rudolf736 Hermiston71,,,,413214999,,8507,0a91fa32-e4b5-359f-bca9-d31a590d2761,GENERAL PRACTICE,,M,
2077224160,Wilber603 Mills423,,,,1757371498,,8507,f35ed2f5-b569-36ea-92c8-47b865166acd,GENERAL PRACTICE,,M,
612926339,Rosario163 Kilback373,,,,1008053310,,8507,ff02f240-752c-31de-b1ec-f5af0f1517b6,GENERAL PRACTICE,,M,
1282472369,Julianne852 Schaefer657,,,,1291008200,,8532,f4045a1d-17a8-3250-aeee-fe7ccaf8a7e0,GENERAL PRACTICE,,F,
1609238681,Sergio619 Volkman526,,,,482430734,,8507,176661c6-bf29-3688-8ffb-ced092457fda,GENERAL PRACTICE,,M,
1922136914,Elvin140 Marks830,,,,1097404438,,8507,748aaae7-aac0-392e-9acb-7ca39b09923d,GENERAL PRACTICE,,M,
2029793678,Mickey576 Gerlach374,,,,291607890,,8507,a1ae2b6d-cd58-343e-8e12-f74514236517,GENERAL PRACTICE,,M,
1367953477,Arnold338 Stiedemann542,,,,1090436009,,8507,ff65faa2-4341-375e-b7a2-aea42385c941,GENERAL PRACTICE,,M,
978951186,Roberto515 Noriega353,,,,1279915330,,8507,78ef0a78-f7d0-3e6f-b4da-3b63356dc3a4,GENERAL PRACTICE,,M,
613562275,Leland44 Bernier607,,,,1656250350,,8507,24c4e909-6dc8-350b-bce8-fefc43734189,GENERAL PRACTICE,,M,
1519728561,Mari763 Skiles927,,,,1846677793,,8532,eb0cb030-c150-3ab0-a672-2925eeed0a20,GENERAL PRACTICE,,F,
1053932934,Harvey63 Tromp100,,,,1371068040,,8507,6eb75737-564f-3eda-91b4-763a27ed6905,GENERAL PRACTICE,,M,
304675380,Rebekah348 Rippin620,,,,683822161,,8532,6129c81c-5a28-36a3-b93c-bc910b04eb17,GENERAL PRACTICE,,F,
424424898,Laurena366 Anderson154,,,,23223864,,8532,605fab5d-7d0e-3f8b-a9c2-36ea5c4204d7,GENERAL PRACTICE,,F,
1831291722,Martín25 Casas271,,,,1736206406,,8507,1b9c3410-1e8a-3ff3-b88a-dab57f097069,GENERAL PRACTICE,,M,
1869606039,Arturo47 Schmidt332,,,,595614612,,8507,04bf8ddd-314b-3e8f-902a-f4f9f2934fcc,GENERAL PRACTICE,,M,
401295838,Quentin28 Fritsch593,,,,1087366471,,8507,c3398a94-6866-3bfa-91de-3f75423a08aa,GENERAL PRACTICE,,M,
1762673578,Denisha680 Schmitt836,,,,1586766792,,8532,8c825a7b-84ac-3596-8c75-74eb5411b590,GENERAL PRACTICE,,F,
760574019,Marcy588 Hamill307,,,,393808251,,8532,4551e9df-db0f-34ee-a4b6-6558b602703c,GENERAL PRACTICE,,F,
1523925486,Haywood675 Strosin214,,,,714813778,,8507,3c188503-bb5a-33f7-a1b7-bd788d968884,GENERAL PRACTICE,,M,
1129367351,Gino587 Trantow673,,,,1111434497,,8507,50cc782e-7bcd-3604-909d-91ad3fd59377,GENERAL PRACTICE,,M,
1864196332,Thaddeus38 Stiedemann542,,,,128049208,,8507,7f342c0f-b429-3f8a-beba-8f194e39aea5,GENERAL PRACTICE,,M,
187572855,Sharron285 Okuneva707,,,,670576938,,8532,92c78933-e537-3ce1-b0eb-9726c3c42d7b,GENERAL PRACTICE,,F,
845178259,Angelika194 Cartwright189,,,,876503055,,8532,c1f8a161-dcb0-3b69-8abb-69269498b3cb,GENERAL PRACTICE,,F,
2044315467,Carrol931 Hyatt152,,,,189355562,,8507,143242b8-9246-3aee-a2ac-baab164fa6de,GENERAL PRACTICE,,M,
179351339,Shonda871 Leffler128,,,,2131402279,,8532,eceeea46-15d4-3fec-b04f-b474d565484a,GENERAL PRACTICE,,F,
676144977,Lindsey52 Crona259,,,,1127998458,,8507,14dbd854-3311-3886-ab39-0c9d18dfc1eb,GENERAL PRACTICE,,M,
723592417,Kevin729 Hamill307,,,,1555454703,,8507,f16ccadc-26f5-34e9-b56c-fbe68e501f4c,GENERAL PRACTICE,,M,
380025016,Linn541 Lynch190,,,,1547234838,,8532,4a5f621d-d57b-3da3-8904-9a4f8bda185e,GENERAL PRACTICE,,F,
342212615,Xochitl483 Haley279,,,,1228205477,,8532,0b393931-17c4-3431-aad7-f5c1f345d84a,GENERAL PRACTICE,,F,
1014932753,Theo630 Rohan584,,,,909633201,,8507,d7b9d0fa-cd2e-30d4-b59c-62d5356edde1,GENERAL PRACTICE,,M,
2096553704,Emilio417 Barton704,,,,227198286,,8507,c88b84ec-8407-3e0a-86ca-f27b18edd667,GENERAL PRACTICE,,M,
1490295527,Reagan466 Padberg411,,,,1940779820,,8532,d5859587-ab65-39ec-8cba-e025b31a384c,GENERAL PRACTICE,,F,
173053189,Amos720 Bogan287,,,,592728682,,8507,a5b8af36-5f05-30c2-a176-199ea9702897,GENERAL PRACTICE,,M,
991832874,Fredrick998 Harvey63,,,,1112811725,,8507,8ede3c71-36f9-3cfb-814c-6f4bf11ee192,GENERAL PRACTICE,,M,
320426502,María842 Ybarra887,,,,266226742,,8532,63d41643-050b-3d73-9cc3-3e6b99cd3e76,GENERAL PRACTICE,,F,
1813917374,Leopoldo762 Keebler762,,,,284131129,,8507,10e0a3e4-b344-3297-a193-0385f935f577,GENERAL PRACTICE,,M,
1450596195,Kristina583 Bashirian201,,,,570769861,,8532,fc17a2d3-be14-35c6-b92d-ce130e7ac895,GENERAL PRACTICE,,F,
1106642866,Brock407 VonRueden376,,,,1314008471,,8507,9a31bbdd-3174-399c-a487-39042de75fb8,GENERAL PRACTICE,,M,
241107897,Duane703 Gorczany269,,,,1021006640,,8507,33685e41-bfc4-3f75-b5ed-a14c255c267b,GENERAL PRACTICE,,M,
423129275,Fabian647 Larkin917,,,,61903950,,8507,ea8202b8-8f74-36fe-ad21-c2563daafdb8,GENERAL PRACTICE,,M,
1950500407,Kayce253 Ondricka197,,,,1052960591,,8532,18d66aa0-a65b-3d17-a732-4d1bc9322e11,GENERAL PRACTICE,,F,
1575647890,Berta524 Navarro863,,,,63661035,,8532,7c513b58-40ad-3d19-91dd-4ee95e307836,GENERAL PRACTICE,,F,
458758891,Pei116 Crooks415,,,,884998307,,8532,3e54bc75-01cd-3357-8d77-96f5aa48ea43,GENERAL PRACTICE,,F,
1091389697,Thomasena108 Gutmann970,,,,1877069722,,8532,992452a8-d1fb-30fe-82c0-8808307d520a,GENERAL PRACTICE,,F,
782872942,Bart73 Becker968,,,,133188700,,8507,675f80a0-237b-37b5-8812-f753850ffe9c,GENERAL PRACTICE,,M,
1362740783,Manuel446 Barraza113,,,,1042315182,,8507,629462be-8251-3fd5-a707-81353ded5ced,GENERAL PRACTICE,,M,
1359175383,Tori754 Larson43,,,,1098468106,,8532,7510fb15-0fe9-3010-b17b-21fce96edbac,GENERAL PRACTICE,,F,
45082415,Sunny31 Gleason633,,,,2143074946,,8532,edc87bda-4784-34e9-ac05-ee1fa9bff81f,GENERAL PRACTICE,,F,
785388039,Elias404 Skiles927,,,,1903058889,,8507,7b4769cb-8c04-37d3-84d6-82860b2963da,GENERAL PRACTICE,,M,
1726001479,Dennis979 Rempel203,,,,1457187319,,8507,588b8db8-eebc-31f3-9132-6bc0128c087f,GENERAL PRACTICE,,M,
1295687174,France571 Feil794,,,,1204617118,,8532,2c610f1d-025a-3b60-9e19-3298ac46357c,GENERAL PRACTICE,,F,
1269567506,Vince741 Schmidt332,,,,962101998,,8507,bc15efea-abd5-3c8e-b9e7-a9bb0c9f14ee,GENERAL PRACTICE,,M,
845839298,Bennett146 Rippin620,,,,354261038,,8507,364b6ec0-b3ca-3968-9c1b-685b477314b5,GENERAL PRACTICE,,M,
1253925542,Nicholas495 Greenfelder433,,,,2034015005,,8507,6e748b88-91ca-31cd-a7c9-455ad503787b,GENERAL PRACTICE,,M,
1810284451,Elba502 Schneider199,,,,1261032650,,8532,e78bf492-3c99-35cd-a3c5-2ee64d908e1a,GENERAL PRACTICE,,F,
1447851420,Maximo817 Bashirian201,,,,1221800481,,8507,1b19193e-2d9a-3e46-8d8f-2967fdba759f,GENERAL PRACTICE,,M,
922098419,Pattie91 Dooley940,,,,786839942,,8532,a900054c-ba1c-321f-8445-5ac8daea0853,GENERAL PRACTICE,,F,
1790691750,Madelaine318 Walker122,,,,1008325,,8532,3df17c79-2186-38be-ba2a-fee2a313eaa7,GENERAL PRACTICE,,F,
1071613285,Ellyn26 Windler79,,,,1580242659,,8532,eff24d3e-87ff-3635-9aac-1ae99dc22650,GENERAL PRACTICE,,F,
1760667373,Barrett790 Wolf938,,,,1158967098,,8507,9deffd11-bb63-3962-be05-5eee8ce53c6d,GENERAL PRACTICE,,M,
254055419,Luther918 Schroeder447,,,,840070805,,8507,727eba81-8df7-3b6e-87b5-3e77050a6b42,GENERAL PRACTICE,,M,
1704862165,Jamie386 Lowe577,,,,826206699,,8507,148cc88a-6401-3211-abc7-f692697beb29,GENERAL PRACTICE,,M,
1207623574,Lorinda137 Pouros728,,,,1920382916,,8532,c3e339a8-8b67-303e-9b3a-9834e43b0d35,GENERAL PRACTICE,,F,
103740519,Kristopher775 Schiller186,,,,1082217409,,8507,2ff3c1b9-1984-3d15-b46d-5555d6a85ada,GENERAL PRACTICE,,M,
233571804,Felicidad691 Luettgen772,,,,1734996562,,8532,979d452b-aaf7-3b47-9ab5-677ec04d07de,GENERAL PRACTICE,,F,
1433629799,Emory494 Nicolas769,,,,915031677,,8507,9543689d-8499-3c74-93b0-60e3c0acca66,GENERAL PRACTICE,,M,
1408194625,Domenic627 Toy286,,,,1169266501,,8507,a62b790e-484a-3010-b133-743aa1645c23,GENERAL PRACTICE,,M,
1874377071,Marietta439 Schmeler639,,,,318250207,,8532,106fa2b4-694e-3097-b736-9c04e53d7062,GENERAL PRACTICE,,F,
1578329948,Nickolas58 Schumm995,,,,1126403477,,8507,5a459101-1457-3cd2-86f9-34bf729a04c6,GENERAL PRACTICE,,M,
1859679953,Monty345 Bosco882,,,,1144998,,8507,97f61311-0780-3e25-ba56-573c22d6a7ff,GENERAL PRACTICE,,M,
1688048519,Josephina269 Bechtelar572,,,,1338125493,,8532,05afe3be-1fc6-392a-8148-cfa4bea2bfdd,GENERAL PRACTICE,,F,
554407424,Ivonne773 Turcotte120,,,,391401026,,8532,f558c538-c988-3e27-9b07-d176ad48d7d3,GENERAL PRACTICE,,F,
2084778527,Lorenzo669 Santillán790,,,,1630647351,,8507,7bfc75bf-52c6-3c76-8248-891301aac35b,GENERAL PRACTICE,,M,
1061270880,Rex53 Gerhold939,,,,1899462146,,8507,439869bf-feae-3d03-bc89-d02eb00011bc,GENERAL PRACTICE,,M,
1917494794,Sammie902 Hermann103,,,,1116093273,,8507,5e9d0d9a-2fe7-3867-b444-b92d814fed06,GENERAL PRACTICE,,M,
165427265,Francisco472 Crooks415,,,,331854931,,8507,0dfbbc12-668e-3b45-9a1f-4bc831d0ea0f,GENERAL PRACTICE,,M,
679629812,Amparo58 Hayes766,,,,20763223,,8532,5c30709b-aac9-3c0b-8f0e-bda2f60eef4a,GENERAL PRACTICE,,F,
1734612033,Humberto482 Nitzsche158,,,,708582252,,8507,1a32aa9a-ea57-38b4-ba56-ce9f2fc92ce3,GENERAL PRACTICE,,M,
1449651850,Daniel959 Wolff180,,,,1938705969,,8507,485c26cc-2959-3271-9f81-fb46e020548a,GENERAL PRACTICE,,M,
702109672,Devona405 Stamm704,,,,85533430,,8532,375e9239-7a22-315a-bdba-fe37172b070b,GENERAL PRACTICE,,F,
134162242,Delena885 Robel940,,,,34861289,,8532,13959830-3a9a-3333-9ac3-c2377c1f259b,GENERAL PRACTICE,,F,
129532305,Louis204 Hauck852,,,,1941635650,,8507,34af20db-7250-39c2-8a23-57d90cf4c6e0,GENERAL PRACTICE,,M,
249412320,Clay913 Roberts511,,,,1286803387,,8507,93c62fe0-ee1e-313e-9f63-4d510421b038,GENERAL PRACTICE,,M,
735579926,Wilhemina814 Lesch175,,,,373181069,,8532,8480fc43-c3f5-361a-a836-1b0383f8d8d3,GENERAL PRACTICE,,F,
115860991,Lashawnda573 Schaefer657,,,,135631054,,8532,3113895c-178d-3e46-8f22-e3403fe6845b,GENERAL PRACTICE,,F,
551511842,Cira533 Jakubowski832,,,,1032026534,,8532,2886ee09-07ce-3c41-9f28-87b0cc21e6f6,GENERAL PRACTICE,,F,
2005150177,Regenia619 Bosco882,,,,525495130,,8532,28169d1b-824e-3f68-be57-4f90d3c62129,GENERAL PRACTICE,,F,
481845652,Elmer371 Gusikowski974,,,,1094535041,,8507,6b379a9b-8b37-350c-a801-90073f59b5b3,GENERAL PRACTICE,,M,
1093101228,Vernita491 Cartwright189,,,,916614671,,8532,816ca932-22b0-3cb5-9818-5348d7c25d8b,GENERAL PRACTICE,,F,
29439517,José Luis472 Guerrero997,,,,983779363,,8507,e157fd98-ac47-37c5-a275-21f25a845a02,GENERAL PRACTICE,,M,
1569634266,Boris111 Romaguera67,,,,1053994113,,8507,c50419c2-5c2b-37a4-8476-cc7ad3ee9424,GENERAL PRACTICE,,M,
892041509,Kathi607 Hilpert278,,,,965294123,,8532,9d5d369b-32a8-32d4-aea2-cf3df4dd3213,GENERAL PRACTICE,,F,
1773901989,Edwin773 Schultz619,,,,1350348957,,8507,4fef8ce5-bda1-3ae9-99ae-67c31a00c6a2,GENERAL PRACTICE,,M,
144972119,Lincoln623 Block661,,,,530819446,,8507,b1ed5d04-94f7-3be4-b6db-c025c5e49cd7,GENERAL PRACTICE,,M,
1555819691,Toby274 Corkery305,,,,1661715981,,8532,31f9706e-2fa7-3126-b749-45313216ca24,GENERAL PRACTICE,,F,
1962490313,Delinda651 Krajcik437,,,,2133171820,,8532,4a5e5b76-914d-3074-af3a-7675f37d58e6,GENERAL PRACTICE,,F,
762355313,Derek111 Erdman779,,,,1493500037,,8507,d056dffc-dabb-3cfe-a801-d65f0589e639,GENERAL PRACTICE,,M,
1308603923,Terrence276 Wintheiser220,,,,374221812,,8507,16336605-ece4-3a76-a1d2-45344499cb65,GENERAL PRACTICE,,M,
212336482,Jacinta658 Wintheiser220,,,,1149531380,,8532,5a7b6545-5412-33b1-8ff6-b80f20557db5,GENERAL PRACTICE,,F,
1149382895,Franklin857 Pfannerstill264,,,,1333653118,,8507,4fa355e5-1916-3a7a-9bbe-6e468c011b79,GENERAL PRACTICE,,M,
307916118,Maria750 Osinski784,,,,1708744828,,8532,b5936b60-163e-3d07-80fa-76d0835a1eac,GENERAL PRACTICE,,F,
1471248064,Reinaldo138 Dach178,,,,570627495,,8507,8b1de9dd-6080-32d8-adec-9167a0f3bb7d,GENERAL PRACTICE,,M,
1902168541,Aura483 Bruen238,,,,1670870018,,8532,35deb32b-488a-3d7e-88b3-ea69acc599c4,GENERAL PRACTICE,,F,
1541691611,Rutha66 Bergstrom287,,,,628928487,,8532,fbf6aa72-67fc-3605-9b73-e4f4044965f0,GENERAL PRACTICE,,F,
2118601579,Shella455 Reichel38,,,,1188061886,,8532,79d25dc9-91f7-3fbc-8ad5-caa8aa328205,GENERAL PRACTICE,,F,
1113507272,Ping698 Weissnat378,,,,1517324269,,8532,8b7ec8a9-e787-3b23-b1ba-d75198657037,GENERAL PRACTICE,,F,
2052267117,Janine159 Gulgowski816,,,,1295714685,,8532,d4ce06c2-80d0-3ec6-b159-0dabc9a55994,GENERAL PRACTICE,,F,
1440033929,Leonie332 Wunsch504,,,,1259639187,,8532,7b9b8cec-b921-3c3e-8a7f-7fbfd95f13dc,GENERAL PRACTICE,,F,
1125750102,Pearl430 Davis923,,,,381917908,,8532,e21d8891-b802-368b-a19d-15ac1c7fb24a,GENERAL PRACTICE,,F,
874393803,Lincoln623 Gibson10,,,,2135606308,,8507,de6d129a-9788-3121-a090-dabb1619da97,GENERAL PRACTICE,,M,
1410615903,Chang901 Kutch271,,,,164692127,,8507,34656aa0-5326-3007-86c2-0e61c22af10e,GENERAL PRACTICE,,M,
325892903,Jenifer459 Trantow673,,,,829697497,,8532,6d1e2afb-759d-3a55-8fb4-6712cf4501b7,GENERAL PRACTICE,,F,
1392773148,Tobias236 Ondricka197,,,,1882463890,,8507,f3107eb5-36ac-35b3-a516-fe8e1c665374,GENERAL PRACTICE,,M,
1444700311,Carmelina668 Goyette777,,,,962952680,,8532,75eeccda-f42d-32e2-a22b-213732701c57,GENERAL PRACTICE,,F,
865779057,Clare187 Marquardt819,,,,1139138481,,8532,c836dee5-6fc5-365f-b22e-1047e872a0bb,GENERAL PRACTICE,,F,
1386931971,Lu473 Heathcote539,,,,674722291,,8532,19dc332f-650c-36a4-b2af-9a090e70a90b,GENERAL PRACTICE,,F,
797335072,Cesar434 Lehner980,,,,318214347,,8507,b42cec3d-1211-3016-841f-83ea2cba5a2d,GENERAL PRACTICE,,M,
567832377,Marcelino726 Hilpert278,,,,1980216475,,8507,b063b2f5-a1c7-3a9d-9d45-9af37d8392c3,GENERAL PRACTICE,,M,
1794703221,Kamilah729 Schimmel440,,,,325954605,,8532,2a4147e3-6592-36be-8a29-813630ac55f2,GENERAL PRACTICE,,F,
931564150,Londa304 Veum823,,,,1129518188,,8532,9b6813c2-5db3-35a5-94fc-4de9e5b2b156,GENERAL PRACTICE,,F,
1347518964,Chere867 Crona259,,,,1755868096,,8532,88711c15-f6cd-3a13-ab7b-c8e21a5d8162,GENERAL PRACTICE,,F,
1256694780,Kim439 Hyatt152,,,,1652153337,,8507,b8dffc9d-192a-3534-8274-d872e2b42ea3,GENERAL PRACTICE,,M,
1137206181,Damaris45 Funk324,,,,1898596525,,8532,8ba57d73-6b97-3add-923a-044c92c69f8b,GENERAL PRACTICE,,F,
938586617,Rocky100 Schmeler639,,,,230875744,,8507,df33555d-4263-37bf-84e4-b7261ebdd6a4,GENERAL PRACTICE,,M,
2107281080,Nevada145 Schmeler639,,,,1667825875,,8532,4ef04c09-ee89-3398-9840-32c17e52301e,GENERAL PRACTICE,,F,
